;;;;"      ""aceite_especias_y_salsas"",";"      ""aceites_vinagres_y_alinos"",";
        ;;;;;;
"                ""actibel"",";"""actibel"",";;;;;
"                ""advanced"",";"""advanced"",";;;;;
"                ""aguinamar"",";"""aguinamar"",";;;"      ""agua_y_refrescos"",";"      ""bebidas"",";"""bodega"","
"                ""airwick"",";"""airwick"",";;;;;
"                ""al diante"",";"""al diante"",";;;;;
"                ""alba"",";"""alba"",";;;;;
"                ""albo"",";"""albo"",";;;;;
"                ""alhambra"",";"""alhambra"",";;;;;
"                ""aligator"",";"""aligator"",";;;"      ""aperitivos"",";"      ""aperitivos"",";
"                ""alpro"",";"""alpro"",";;;;;
"                ""alumfix"",";"""alumfix"",";;;;;
"                ""alvini"",";"""alvini"",";;;"      ""arroz_legumbres_y_pasta"",";"      ""arroz_y_legumbres"",";
"                ""amalfi"",";"""amalfi"",";;;;;
"                ""ambar"",";"""ambar"",";;;;;
"                ""ambi pur"",";"""ambi pur"",";;;"      ""azucar_caramelos_y_chocolate"",";"      ""desayunos_y_dulces"",";
"                ""amd"",";"""amd"",";;;;;
"                ""amoos"",";"""amoos"",";;;;;
"                ""amstel"",";"""amstel"",";;;;;
"                ""andres"",";"""andres"",";;;;;
"                ""aneto"",";"""aneto"",";;;"      ""bebe"",";;
"                ""aoste"",";"""aoste"",";;;;;
"                ""aperol"",";"""aperol"",";;;;;
"                ""aquarel"",";"""aquarel"",";;;;;
"                ""aquarius"",";"""aquarius"",";;;;;
"                ""arco del sol"",";"""arco del sol"",";;;;;
"                ""ariel"",";"""ariel"",";;;;;
"                ""arla foods"",";"""arla foods"",";;;;;
"                ""arla"",";"""arla"",";;;;;
"                ""arome de fleur"",";"""arome de fleur"",";;;;;
"                ""artiach d"",";"""artiach d"",";;;;;
"                ""artiach"",";"""artiach"",";;;;;
"                ""as"",";"""as"",";;;;;
"                ""asturiana"",";"""asturiana"",";;;;;
"                ""ausonia d"",";"""ausonia d"",";;;;;
"                ""ausonia"",";"""ausonia"",";;;;;
"                ""axe"",";"""axe"",";;;;;
"                ""azucarera"",";"""azucarera"",";;;;;
"                ""babaria"",";"""babaria"",";;;;;
"                ""babysmile"",";"""babysmile"",";;;;;
"                ""bajoz roble toro"",";"""bajoz roble toro"",";;;;;
"                ""bajoz"",";"""bajoz"",";;;;;
"                ""ballantines"",";"""ballantines"",";;;;;
"                ""ballerina"",";"""ballerina"",";;;;;
"                ""barilla"",";"""barilla"",";;;;;
"                ""barmon"",";"""barmon"",";;;;;
"                ""bayeco"",";"""bayeco"",";;;;;
"                ""beronia"",";"""beronia"",";;;;;
"                ""betik"",";"""betik"",";;;;;
"                ""biazoo"",";"""biazoo"",";;;;;
"                ""bicentury"",";"""bicentury"",";;;;;
"                ""bifrutas pascual"",";"""bifrutas pascual"",";;;;;
"                ""bimbo"",";"""bimbo"",";;;;;
"                ""binaca"",";"""binaca"",";;;;;
"                ""biotobio"",";"""biotobio"",";;;;;
"                ""biozoo"",";"""biozoo"",";;;;;
"                ""biscuits galicia"",";"""biscuits galicia"",";;;;;
"                ""blanco"",";"""blanco"",";;;;;
"                ""blume"",";"""blume"",";;;;;
"                ""body natur"",";"""body natur"",";;;;;
"                ""bollycao"",";"""bollycao"",";;;;;
"                ""bombay"",";"""bombay"",";;;;;
"                ""bonduelle"",";"""bonduelle"",";;;;;
"                ""bonne maman"",";"""bonne maman"",";;;;;
"                ""bonte"",";"""bonte"",";;;;;
"                ""borges"",";"""borges"",";;;;;
"                ""bosque verde"",";"""bosque verde"",";;;;;
"                ""bovril"",";"""bovril"",";;;;;
"                ""bref"",";"""bref"",";;;;;
"                ""brekkies excel"",";"""brekkies excel"",";;;;;
"                ""brekkies"",";"""brekkies"",";;;;;
"                ""brillante"",";"""brillante"",";;;;;
"                ""bubbaloo"",";"""bubbaloo"",";;;;;
"                ""budweiser"",";"""budweiser"",";;;;;
"                ""buitoni"",";"""buitoni"",";;;;;
"                ""bujanda"",";"""bujanda"",";;;;;
"                ""burgo de arias"",";"""burgo de arias"",";;;"      ""cacao_cafe_e_infusiones"",";"      ""desayunos_y_dulces"",";
"                ""burn"",";"""burn"",";;;;;
"                ""bustamante"",";"""bustamante"",";;;;;
"                ""byly"",";"""byly"",";;;;;
"                ""cabo de hornos"",";"""cabo de hornos"",";;;;;
"                ""cabo de penas"",";"""cabo de penas"",";;;"      ""carne"",";;
"                ""cacaolat"",";"""cacaolat"",";;;;;
"                ""calve"",";"""calve"",";;;;;
"                ""calvo"",";"""calvo"",";;;;;
"                ""campo curero"",";"""campo curero"",";;;;;
"                ""campo viejo"",";"""campo viejo"",";;;;;
"                ""campofrio"",";"""campofrio"",";;;;;
"                ""campos"",";"""campos"",";;;;;
"                ""capricho andaluz"",";"""capricho andaluz"",";;;;;
"                ""carbonell"",";"""carbonell"",";;;"      ""cereales_y_galletas"",";"      ""desayunos_y_dulces"",";
"                ""carefree"",";"""carefree"",";;;;;
"                ""caribica"",";"""caribica"",";;;"      ""charcuteria_y_quesos"",";;
"                ""carmen"",";"""carmen"",";;;;;
"                ""carmencita"",";"""carmencita"",";;;;;
"                ""carrefour"",";"""carrefour"",";;;;;
"                ""carretilla"",";"""carretilla"",";;;;;
"                ""carta de plata"",";"""carta de plata"",";;;;;
"                ""casa tarradellas"",";"""casa tarradellas"",";;;;;
"                ""castillo de albai"",";"""castillo de albai"",";;;;;
"                ""castillo de haro"",";"""castillo de haro"",";;;;;
"                ""castillo de san diego barbadillo"",";"""castillo de san diego barbadillo"",";;;"      ""congelados"",";;
"                ""castillo de velasco"",";"""castillo de velasco"",";;;;;
"                ""cegasa"",";"""cegasa"",";;;;;
"                ""cesar"",";"""cesar"",";;;;;
"                ""cheetos"",";"""cheetos"",";;;;;
"                ""chilly"",";"""chilly"",";;;;;
"                ""chinchon"",";"""chinchon"",";;;;;
"                ""chips ahoy"",";"""chips ahoy"",";;;;;
"                ""chupa chups"",";"""chupa chups"",";;;;;
"                ""cidacos"",";"""cidacos"",";;;;;
"                ""cisne"",";"""cisne"",";;;;;
"                ""clean"",";"""clean"",";;;;;
"                ""clesa"",";"""clesa"",";;;;;
"                ""cloromax"",";"""cloromax"",";;;;;
"                ""cocinarte"",";"""cocinarte"",";;;;;
"                ""colacao"",";"""colacao"",";;;;;
"                ""colgate plax"",";"""colgate plax"",";;;"      ""conservas_caldos_y_cremas"",";"      ""conservas"",";
"                ""colgate"",";"""colgate"",";;;;;
"                ""colon"",";"""colon"",";;;;;
"                ""condominium"",";"""condominium"",";;;;;
"                ""congelados de navarra"",";"""congelados de navarra"",";;;;;
"                ""conguitos"",";"""conguitos"",";;;"      ""cuidado_del_cabello"",";"      ""cuidado_personal"",";
"                ""coren"",";"""coren"",";;;;;
"                ""corny"",";"""corny"",";;;;;
"                ""costa"",";"""costa"",";;;;;
"                ""cremlux"",";"""cremlux"",";;;"      ""cuidado_del_hogar"",";;
"                ""cristalinas"",";"""cristalinas"",";;;;;
"                ""cristasol"",";"""cristasol"",";;;;;
"                ""cruzcampo"",";"""cruzcampo"",";;;;;
"                ""cuca"",";"""cuca"",";;;;;
"                ""cuetara t"",";"""cuetara t"",";;;;;
"                ""cuetara"",";"""cuetara"",";;;;;
"                ""cumbres de gredos"",";"""cumbres de gredos"",";;;;;
"                ""cutex"",";"""cutex"",";;;;;
"                ""dalia"",";"""dalia"",";;;;;
"                ""dani"",";"""dani"",";;;;;
"                ""danone actimel"",";"""danone actimel"",";;;;;
"                ""danone activia"",";"""danone activia"",";;;"      ""cuidado_facial_y_corporal"",";"      ""cuidado_personal"",";
"                ""danone danacol"",";"""danone danacol"",";;;;;
"                ""danone danonino"",";"""danone danonino"",";;;;;
"                ""danone"",";"""danone"",";;;;;
"                ""dantza"",";"""dantza"",";;;;;
"                ""dcoop"",";"""dcoop"",";;;;;
"                ""del monte"",";"""del monte"",";;;;;
"                ""deliplus"",";"""deliplus"",";;;;;
"                ""destapa la huerta"",";"""destapa la huerta"",";;;;;
"                ""dhul"",";"""dhul"",";;;;;
"                ""diadermine l"",";"""diadermine l"",";;;;;
"                ""diadermine"",";"""diadermine"",";;;;;
"                ""diamante"",";"""diamante"",";;;;;
"                ""diamir"",";"""diamir"",";;;;;
"                ""diasol"",";"""diasol"",";;;;;
"                ""diat"",";"""diat"",";;;;;
"                ""dimar"",";"""dimar"",";;;;;
"                ""diquesi"",";"""diquesi"",";;;;;
"                ""disfruta"",";"""disfruta"",";;;;;
"                ""dixan"",";"""dixan"",";;;;;
"                ""dodot"",";"""dodot"",";;;;;
"                ""dolce gusto"",";"""dolce gusto"",";;;;;
"                ""don algodon"",";"""don algodon"",";;;;;
"                ""don limpio"",";"""don limpio"",";;;;;
"                ""don simon"",";"""don simon"",";;;;;
"                ""dona dolores"",";"""dona dolores"",";;;;;
"                ""donettes"",";"""donettes"",";;;;;
"                ""donna delicia"",";"""donna delicia"",";;;;;
"                ""dove"",";"""dove"",";;;;;
"                ""dr oetker"",";"""dr oetker"",";;;;;
"                ""dulce maria"",";"""dulce maria"",";;;;;
"                ""dulcesol"",";"""dulcesol"",";;;;;
"                ""dulcinea"",";"""dulcinea"",";;;;;
"                ""ecocesta"",";"""ecocesta"",";;;;;
"                ""el aguila"",";"""el aguila"",";;;"      ""cocina_internacional"",";;
"                ""el coto"",";"""el coto"",";;;;;
"                ""el gaitero"",";"""el gaitero"",";;;;;
"                ""el molino de dia"",";"""el molino de dia"",";;;;;
"                ""el pastor"",";"""el pastor"",";;;;;
"                ""el pavo"",";"""el pavo"",";;;;;
"                ""el ventero"",";"""el ventero"",";;;;;
"                ""elpozo"",";"""elpozo"",";;;"      ""despensa|desayunos_y_dulces|bolleria"",";;
"                ""elvive"",";"""elvive"",";;;;;
"                ""emcesa"",";"""emcesa"",";;;;;
"                ""eristoff"",";"""eristoff"",";;;;;
"                ""esgir"",";"""esgir"",";;;;;
"                ""estola"",";"""estola"",";;;;;
"                ""evax l"",";"""evax l"",";;;;;
"                ""evax"",";"""evax"",";;;;;
"                ""fairy"",";"""fairy"",";;;"      ""despensa|desayunos_y_dulces|mermeladas_miel_y_frutas_en_almibar"",";;
"                ""fanta"",";"""fanta"",";;;"      ""despensa|desayunos_y_dulces|preparacion_de_postres"",";;
"                ""fasutino vii"",";"""fasutino vii"",";;;"      ""dieteticos"",";;
"                ""faustino rivero"",";"""faustino rivero"",";;;;;
"                ""felix"",";"""felix"",";;;;;
"                ""filmfix"",";"""filmfix"",";;;"      ""despensa|lacteos_y_huevos|bebidas_vegetales"",";;
"                ""findus"",";"""findus"",";;;"      ""despensa|lacteos_y_huevos|huevos"",";;
"                ""fini"",";"""fini"",";;;"      ""despensa|lacteos_y_huevos|leche"",";;
"                ""finish"",";"""finish"",";;;"      ""despensa|lacteos_y_huevos|mantequilla_y_margarina"",";;
"                ""flam"",";"""flam"",";;;"      ""despensa|lacteos_y_huevos|nata"",";;
"                ""flax"",";"""flax"",";;;"      ""despensa|lacteos_y_huevos|postres"",";;
"                ""flex"",";"""flex"",";;;"      ""despensa|lacteos_y_huevos|yogures"",";;
"                ""fliss"",";"""fliss"",";;;"      ""despensa|pan|biscotes"",";;
"                ""flor de mayo"",";"""flor de mayo"",";;;"      ""despensa|pan|pan_de_hamburguesas_y_perritos"",";;
"                ""flor"",";"""flor"",";;;"      ""despensa|pan|pan_de_horno"",";;
"                ""flora"",";"""flora"",";;;"      ""despensa|pan|pan_de_molde"",";;
"                ""florbu"",";"""florbu"",";;;"      ""despensa|pan|pan_rallado"",";;
"                ""font vella"",";"""font vella"",";;;"      ""despensa|pan|picos_de_pan"",";;
"                ""fontaneda osito lulu"",";"""fontaneda osito lulu"",";;;"      ""despensa|pan|snack_de_pan"",";;
"                ""fontaneda"",";"""fontaneda"",";;;"      ""despensa|pastas_harinas_y_masas|harinas_y_levaduras"",";;
"                ""fonte os anxos"",";"""fonte os anxos"",";;;"      ""despensa|pastas_harinas_y_masas|masas_y_hojaldres"",";;
"                ""fonter"",";"""fonter"",";;;"      ""despensa|pastas_harinas_y_masas|pastas"",";;
"                ""founders"",";"""founders"",";;;"      ""despensa|pates_y_foies"",";;
"                ""fourier"",";"""fourier"",";;;"      ""despensa|sal_y_especias"",";;
"                ""fragata"",";"""fragata"",";;;"      ""despensa|salsas|mayonesa_y_otras_salsas"",";;
"                ""frangelico"",";"""frangelico"",";;;"      ""despensa|salsas|tomate"",";;
"                ""freixenet"",";"""freixenet"",";;;"      ""despensa|sopas|caldos"",";;
"                ""frinsa"",";"""frinsa"",";;;"      ""despensa|sopas|cremas_y_pures"",";;
"                ""fripozo"",";"""fripozo"",";;;"      ""despensa|sopas|sopas"",";;
"                ""friskies"",";"""friskies"",";;;"      ""fitoterapia_y_parafarmacia|fitoterapia"",";;
"                ""frit ravich"",";"""frit ravich"",";;;"      ""fitoterapia_y_parafarmacia|parafarmacia"",";;
"                ""fritos"",";"""fritos"",";;;"      ""frescos|carne|cerdo"",";;
"                ""fructis"",";"""fructis"",";;;"      ""frescos|carne|mixto"",";;
"                ""frugo"",";"""frugo"",";;;"      ""frescos|carne|pavo"",";;
"                ""fruits attraction c"",";"""fruits attraction c"",";;;"      ""frescos|carne|pollo"",";;
"                ""fruits attraction"",";"""fruits attraction"",";;;"      ""frescos|carne|vacuno"",";;
"                ""gallina blanca s"",";"""gallina blanca s"",";;;"      ""frescos|charcuteria_y_quesos|cocidos"",";;
"                ""gallina blanca"",";"""gallina blanca"",";;;"      ""frescos|charcuteria_y_quesos|curados"",";;
"                ""gallo"",";"""gallo"",";;;"      ""frescos|charcuteria_y_quesos|foie_pates_y_sobrasadas"",";;
"                ""garcia baquero"",";"""garcia baquero"",";;;"      ""frescos|charcuteria_y_quesos|quesos"",";;
"                ""garnier p"",";"""garnier p"",";;;"      ""frescos|frutas|citricos"",";;
"                ""garnier"",";"""garnier"",";;;"      ""frescos|frutas|frutas_tropicales"",";;
"                ""geraldino"",";"""geraldino"",";;;"      ""frescos|frutas|manzanas"",";;
"                ""gerber"",";"""gerber"",";;;"      ""frescos|frutas|peras"",";;
"                ""gigante verde"",";"""gigante verde"",";;;"      ""frescos|frutas|uvas"",";;
"                ""gillette"",";"""gillette"",";;;"      ""frescos|pescado_y_marisco|ahumados_y_salazones"",";;
"                ""giorgi line"",";"""giorgi line"",";;;"      ""frescos|pescado_y_marisco|gulas_y_surimi"",";;
"                ""glade by brise"",";"""glade by brise"",";;;"      ""frescos|pescado_y_marisco|pescado_y_marisco_fresco"",";;
"                ""glade"",";"""glade"",";;;"      ""frescos|verduras_y_hortalizas|ajos_cebollas_y_puerros"",";;
"                ""glassex"",";"""glassex"",";;;"      ""frescos|verduras_y_hortalizas|lechugas_escarolas_y_endivias"",";;
"                ""gourmet d"",";"""gourmet d"",";;;"      ""frescos|verduras_y_hortalizas|otras_verduras"",";;
"                ""gourmet"",";"""gourmet"",";;;"      ""frescos|verduras_y_hortalizas|patatas_y_zanahorias"",";;
"                ""granja san francisco"",";"""granja san francisco"",";;;"      ""frescos|verduras_y_hortalizas|setas_y_champinones"",";;
"                ""grefusa"",";"""grefusa"",";;;"      ""frescos|verduras_y_hortalizas|tomates_pimientos_y_pepinos"",";;
"                ""greip"",";"""greip"",";;;"      ""frescos|verduras_y_hortalizas|verduras_y_ensaladas_preparadas"",";;
"                ""gullon"",";"""gullon"",";;;"      ""fruta_y_verdura|fruta"",";;
"                ""hacendado"",";"""hacendado"",";;;"      ""fruta_y_verdura|lechuga_y_ensalada_preparada"",";;
"                ""hansaplast"",";"""hansaplast"",";;;"      ""fruta_y_verdura|verdura"",";;
"                ""haribo"",";"""haribo"",";;;"      ""huevos_leche_y_mantequilla|huevos"",";;
"                ""heineken"",";"""heineken"",";;;"      ""huevos_leche_y_mantequilla|leche_y_bebidas_vegetales"",";;
"                ""helios"",";"""helios"",";;;"      ""huevos_leche_y_mantequilla|mantequilla_y_margarina"",";;
"                ""hellmann"",";"""hellmann"",";;;"      ""la_despensa|aperitivos|frutas_desecadas"",";;
"                ""heno de pravia"",";"""heno de pravia"",";;;"      ""la_despensa|aperitivos|torreznos_y_cortezas"",";;
"                ""hero baby"",";"""hero baby"",";;;"      ""la_despensa|dulce_y_desayuno|siropes_aromas_y_decoracion"",";;
"                ""hero d"",";"""hero d"",";;;"      ""limpieza_y_hogar|bazar|barbacoas_y_accesorios"",";;
"                ""hero"",";"""hero"",";;;"      ""limpieza_y_hogar|bazar|bombillas_y_tubos"",";;
"                ""hida"",";"""hida"",";;;"      ""limpieza_y_hogar|bazar|herramientas"",";;
"                ""hojiblanca"",";"""hojiblanca"",";;;"      ""limpieza_y_hogar|bazar|jardineria"",";;
"                ""hornimans"",";"""hornimans"",";;;"      ""limpieza_y_hogar|conservacion_de_alimentos|film_transparente"",";;
"                ""horno el antequerano"",";"""horno el antequerano"",";;;"      ""limpieza_y_hogar|cuidado_de_la_ropa|lejias_lavadora"",";;
"                ""hs"",";"""hs"",";;;"      ""limpieza_y_hogar|cuidado_de_la_ropa|tendido_y_planchado"",";;
"                ""huesitos"",";"""huesitos"",";;;"      ""limpieza_y_hogar|detergente_y_suavizante_ropa"",";;
"                ""iberia"",";"""iberia"",";;;"      ""limpieza_y_hogar|estropajo_bayeta_y_guantes"",";;
"                ""ideal"",";"""ideal"",";;;"      ""limpieza_y_hogar|insecticida_y_ambientador"",";;
"                ""instituto espanol"",";"""instituto espanol"",";;;"      ""limpieza_y_hogar|lejia_y_liquidos_fuertes"",";;
"                ""iroha"",";"""iroha"",";;;"      ""limpieza_y_hogar|limpiacristales"",";;
"                ""isabel"",";"""isabel"",";;;"      ""limpieza_y_hogar|limpiahogar_y_friegasuelos"",";;
"                ""jaencoop"",";"""jaencoop"",";;;"      ""limpieza_y_hogar|limpieza_bano_y_wc"",";;
"                ""jagermeister"",";"""jagermeister"",";;;"      ""limpieza_y_hogar|limpieza_cocina"",";;
"                ""johnnie walker"",";"""johnnie walker"",";;;"      ""limpieza_y_hogar|limpieza_muebles_y_multiusos"",";;
"                ""jolca"",";"""jolca"",";;;"      ""limpieza_y_hogar|limpieza_vajilla"",";;
"                ""juniorsmile"",";"""juniorsmile"",";;;"      ""limpieza_y_hogar|menaje_y_conservacion_de_alimentos"",";;
"                ""just loading"",";"""just loading"",";;;"      ""limpieza_y_hogar|menaje|hermeticos"",";;
"                ""juver"",";"""juver"",";;;"      ""limpieza_y_hogar|menaje|jarras_y_filtros_de_agua"",";;
"                ""kaiku"",";"""kaiku"",";;;"      ""limpieza_y_hogar|menaje|utensilios_de_cocina"",";;
"                ""kas"",";"""kas"",";;;"      ""limpieza_y_hogar|menaje|vajillas_y_vasos"",";;
"                ""kellogg"",";"""kellogg"",";;;"      ""limpieza_y_hogar|papel_higienico_y_celulosa"",";;
"                ""kelloggs"",";"""kelloggs"",";;;"      ""limpieza_y_hogar|papel_y_celulosa|papel_higienico"",";;
"                ""kemphor"",";"""kemphor"",";;;"      ""limpieza_y_hogar|papel_y_celulosa|toallitas_gafas"",";;
"                ""kiele"",";"""kiele"",";;;"      ""limpieza_y_hogar|papeleria|archivadores"",";;
"                ""kikkoman"",";"""kikkoman"",";;;"      ""limpieza_y_hogar|papeleria|boligrafos_y_correctores"",";;
"                ""knorr"",";"""knorr"",";;;"      ""limpieza_y_hogar|papeleria|colorear"",";;
"                ""koipe"",";"""koipe"",";;;"      ""limpieza_y_hogar|papeleria|cuadernos_y_carpetas"",";;
"                ""komvida"",";"""komvida"",";;;"      ""limpieza_y_hogar|papeleria|lapices_y_accesorios"",";;
"                ""krissia"",";"""krissia"",";;;"      ""limpieza_y_hogar|papeleria|marcadores"",";;
"                ""la abuela"",";"""la abuela"",";;;"      ""limpieza_y_hogar|papeleria|pequeno_accesorio"",";;
"                ""la asturiana"",";"""la asturiana"",";;;"      ""limpieza_y_hogar|pilas_y_bolsas_de_basura"",";;
"                ""la bella easo"",";"""la bella easo"",";;;"      ""limpieza_y_hogar|productos_para_bano|desatascadores_y_limpia_tuberias"",";;
"                ""la broche"",";"""la broche"",";;;"      ""limpieza_y_hogar|productos_para_cocina|lavavajillas_a_maquina"",";;
"                ""la carlotena"",";"""la carlotena"",";;;"      ""limpieza_y_hogar|productos_para_toda_la_casa|lejias_y_amoniacos"",";;
"                ""la casera"",";"""la casera"",";;;"      ""limpieza_y_hogar|utensilios_de_limpieza_y_calzado"",";;
"                ""la confianza"",";"""la confianza"",";;;"      ""limpieza_y_hogar|utensilios_de_limpieza|bayetas_microfibra_atrapapolvo"",";;
"                ""la costena"",";"""la costena"",";;;"      ""limpieza_y_hogar|utensilios_de_limpieza|escobas_mopas_y_recogedores"",";;
"                ""la espanola"",";"""la espanola"",";;;"      ""limpieza_y_hogar|utensilios_de_limpieza|estropajos"",";;
"                ""la filo"",";"""la filo"",";;;"      ""limpieza_y_hogar|utensilios_de_limpieza|fregonas"",";;
"                ""la gergalena"",";"""la gergalena"",";;;"      ""maquillaje|bases_de_maquillaje_y_corrector"",";;
"                ""la lechera"",";"""la lechera"",";;;"      ""maquillaje|colorete_y_polvos"",";;
"                ""la masia"",";"""la masia"",";;;"      ""maquillaje|labios"",";;
"                ""la molisana"",";"""la molisana"",";;;"      ""maquillaje|ojos"",";;
"                ""la norenense"",";"""la norenense"",";;;"      ""maquillaje|pinceles_y_brochas"",";;
"                ""la piel"",";"""la piel"",";;;"      ""marisco_y_pescado|marisco"",";;
"                ""la receta"",";"""la receta"",";;;"      ""marisco_y_pescado|pescado_en_bandeja"",";;
"                ""la reposteria"",";"""la reposteria"",";;;"      ""marisco_y_pescado|pescado_fresco"",";;
"                ""la sagra"",";"""la sagra"",";;;"      ""marisco_y_pescado|salazones_y_ahumados"",";;
"                ""la salve"",";"""la salve"",";;;"      ""marisco_y_pescado|sushi"",";;
"                ""la toja"",";"""la toja"",";;;"      ""mascotas|conejos_y_roedores|accesorios_e_higiene"",";;
"                ""la vaca que rie"",";"""la vaca que rie"",";;;"      ""mascotas|conejos_y_roedores|pienso_para_conejos_y_rodeores"",";;
"                ""la vieja fabrica"",";"""la vieja fabrica"",";;;"      ""mascotas|gato"",";;
"                ""ladron de manzanas"",";"""ladron de manzanas"",";;;"      ""mascotas|gatos"",";;
"                ""lagunilla"",";"""lagunilla"",";;;"      ""mascotas|gatos|accesorios_e_higiene"",";;
"                ""lambrusco flaminia"",";"""lambrusco flaminia"",";;;"      ""mascotas|otros_animales"",";;
"                ""lanjaron"",";"""lanjaron"",";;;"      ""mascotas|pajaros|pienso_para_pajaros"",";;
"                ""larios"",";"""larios"",";;;"      ""mascotas|peces_y_tortugas|peces"",";;
"                ""lavazza"",";"""lavazza"",";;;"      ""mascotas|peces_y_tortugas|tortugas"",";;
"                ""lea"",";"""lea"",";;;"      ""mascotas|perro"",";;
"                ""legado"",";"""legado"",";;;"      ""mascotas|perros"",";;
"                ""legaris"",";"""legaris"",";;;"      ""mascotas|perros|collares_y_correas"",";;
"                ""lenor"",";"""lenor"",";;;"      ""panaderia_y_pasteleria|bolleria_de_horno"",";;
"                ""levanova"",";"""levanova"",";;;"      ""panaderia_y_pasteleria|bolleria_envasada"",";;
"                ""leyenda"",";"""leyenda"",";;;"      ""panaderia_y_pasteleria|harina_y_preparado_reposteria"",";;
"                ""licor del polo"",";"""licor del polo"",";;;"      ""panaderia_y_pasteleria|pan_de_horno"",";;
"                ""ligeresa"",";"""ligeresa"",";;;"      ""panaderia_y_pasteleria|pan_de_molde_y_otras_especialidades"",";;
"                ""ligerina"",";"""ligerina"",";;;"      ""panaderia_y_pasteleria|pan_tostado_y_rallado"",";;
"                ""lindt l"",";"""lindt l"",";;;"      ""panaderia_y_pasteleria|picos_rosquilletas_y_picatostes"",";;
"                ""liposan"",";"""liposan"",";;;"      ""panaderia_y_pasteleria|tartas_y_pasteles"",";;
"                ""listerine"",";"""listerine"",";;;"      ""panaderia_y_pasteleria|velas_y_decoracion"",";;
"                ""litoral"",";"""litoral"",";;;"      ""parafarmacia|bebe|accesorios_bano""";;
"                ""lopez de haro"",";"""lopez de haro"",";;;"      ""parafarmacia|bebe|champu"",";;
"                ""los molinos"",";"""los molinos"",";;;"      ""parafarmacia|bebe|complementos_alimenticios_e_infusiones_para_bebe"",";;
"                ""lotus"",";"""lotus"",";;;"      ""parafarmacia|bebe|embarazo_y_lactancia"",";;
"                ""lu principe m"",";"""lu principe m"",";;;"      ""parafarmacia|bebe|hidratantes_y_aceites_corporales"",";;
"                ""lu principe"",";"""lu principe"",";;;"      ""parafarmacia|bebe|papillas_y_galletas"",";;
"                ""luengo"",";"""luengo"",";;;"      ""parafarmacia|bebe|puericultura"",";;
"                ""luxidermia"",";"""luxidermia"",";;;"      ""parafarmacia|botiquin|antisepticos_y_talcos"",";;
"                ""lysol"",";"""lysol"",";;;"      ""parafarmacia|botiquin|apositos_y_gasas"",";;
"                ""maggi"",";"""maggi"",";;;"      ""pizzas_y_platos_preparados|pizzas"",";;
"                ""magno"",";"""magno"",";;;"      ""pizzas_y_platos_preparados|platos_preparados_calientes"",";;
"                ""magnum"",";"""magnum"",";;;"      ""pizzas_y_platos_preparados|platos_preparados_frios"",";;
"                ""mahou barrica"",";"""mahou barrica"",";;;"      ""platos_preparados|bocadillos_y_sandwich"",";;
"                ""mahou maestra"",";"""mahou maestra"",";;;"      ""platos_preparados|carne"",";;
"                ""mahou"",";"""mahou"",";;;"      ""platos_preparados|empanadas_empanadillas_y_hojaldres"",";;
"                ""mandul"",";"""mandul"",";;;"      ""platos_preparados|ensaladas"",";;
"                ""manuel de montejo"",";"""manuel de montejo"",";;;"      ""platos_preparados|gazpachos_y_salmorejos"",";;
"                ""marcilla"",";"""marcilla"",";;;"      ""platos_preparados|legumbres"",";;
"                ""martini"",";"""martini"",";;;"      ""platos_preparados|pastas_y_arroces"",";;
"                ""matsu"",";"""matsu"",";;;"      ""platos_preparados|pizzas_refrigeradas"",";;
"                ""mayador"",";"""mayador"",";;;"      ""platos_preparados|tortillas"",";;
"                ""mayor de castilla"",";"""mayor de castilla"",";;;"      ""platos_preparados|verduras"",";;
"                ""mccain"",";"""mccain"",";;;"      ""postres_y_yogures|bifidus"",";;
"                ""melitta"",";"""melitta"",";;;"      ""postres_y_yogures|flan_y_natillas"",";;
"                ""melody"",";"""melody"",";;;"      ""postres_y_yogures|gelatina_y_otros_postres"",";;
"                ""mentos"",";"""mentos"",";;;"      ""postres_y_yogures|postres_de_soja"",";;
"                ""mexifoods"",";"""mexifoods"",";;;"      ""postres_y_yogures|yogures_griegos"",";;
"                ""micolor"",";"""micolor"",";;;"      ""postres_y_yogures|yogures_liquidos"",";;
"                ""milka"",";"""milka"",";;;"      ""postres_y_yogures|yogures_naturales_y_sabores"",";;
"                ""miller"",";"""miller"",";;;"      ""postres_y_yogures|yogures_y_postres_infantiles"",";;
"                ""mimosin"",";"""mimosin"",";;;"      ""productos_frescos|carniceria|aves_y_pollo"",";;
"                ""mina"",";"""mina"",";;;"      ""productos_frescos|carniceria|carne_picada"",";;
"                ""minerva"",";"""minerva"",";;;"      ""productos_frescos|carniceria|cerdo"",";;
"                ""mirandoli"",";"""mirandoli"",";;;"      ""productos_frescos|carniceria|conejo"",";;
"                ""mistol"",";"""mistol"",";;;"      ""productos_frescos|carniceria|cordero"",";;
"                ""monells"",";"""monells"",";;;"      ""productos_frescos|carniceria|embutidos_frescos"",";;
"                ""monster"",";"""monster"",";;;"      ""productos_frescos|carniceria|empanados"",";;
"                ""mourama"",";"""mourama"",";;;"      ""productos_frescos|carniceria|hamburguesas"",";;
"                ""moussel"",";"""moussel"",";;;"      ""productos_frescos|carniceria|otras_carnes"",";;
"                ""muyfina"",";"""muyfina"",";;;"      ""productos_frescos|carniceria|preparados_y_arreglos_de_carne"",";;
"                ""nakd"",";"""nakd"",";;;"      ""productos_frescos|carniceria|vacuno"",";;
"                ""nativa"",";"""nativa"",";;;"      ""productos_frescos|charcuteria_y_quesos_al_corte|quesos_nacionales"",";;
"                ""natreen stevia"",";"""natreen stevia"",";;;"      ""productos_frescos|charcuteria|bacon_y_panceta"",";;
"                ""natur dacsa"",";"""natur dacsa"",";;;"      ""productos_frescos|charcuteria|chorizo_lomo_y_otros"",";;
"                ""natur tierra"",";"""natur tierra"",";;;"      ""productos_frescos|charcuteria|jamon_cocido_y_lacon"",";;
"                ""natural honey s"",";"""natural honey s"",";;;"      ""productos_frescos|charcuteria|jamon_serrano_e_iberico_envasado"",";;
"                ""natural honey"",";"""natural honey"",";;;"      ""productos_frescos|charcuteria|jamon_serrano_e_iberico_pieza"",";;
"                ""nature valley"",";"""nature valley"",";;;"      ""productos_frescos|charcuteria|mortadela_y_chopped"",";;
"                ""navidul"",";"""navidul"",";;;"      ""productos_frescos|charcuteria|salchichon_salami_y_fuet"",";;
"                ""nb palmolive"",";"""nb palmolive"",";;;"      ""productos_frescos|frutas|fruta_de_temporada"",";;
"                ""nescafe"",";"""nescafe"",";;;"      ""productos_frescos|frutas|frutos_del_bosque"",";;
"                ""nesquik"",";"""nesquik"",";;;"      ""productos_frescos|frutas|manzanas_y_peras"",";;
"                ""nestea"",";"""nestea"",";;;"      ""productos_frescos|frutas|naranjas_y_otros_citricos"",";;
"                ""nestle nesquik"",";"""nestle nesquik"",";;;"      ""productos_frescos|frutas|pinas_kiwis_aguacates_y_tropicales"",";;
"                ""nestle y"",";"""nestle y"",";;;"      ""productos_frescos|frutas|platanos_y_bananas"",";;
"                ""nestle"",";"""nestle"",";;;"      ""productos_frescos|frutas|uvas"",";;
"                ""neutrex"",";"""neutrex"",";;;"      ""productos_frescos|panaderia_tradicional|bolleria_tradicional"",";;
"                ""nike"",";"""nike"",";;;"      ""productos_frescos|panaderia_tradicional|empanadas_y_hojaldres"",";;
"                ""nivea men"",";"""nivea men"",";;;"      ""productos_frescos|panaderia_tradicional|pan_tradicional"",";;
"                ""nivea"",";"""nivea"",";;;"      ""productos_frescos|panaderia_tradicional|pasteleria_y_reposteria"",";;
"                ""nocilla"",";"""nocilla"",";;;"      ""productos_frescos|pescaderia|bacalao_y_salazones"",";;
"                ""nordes"",";"""nordes"",";;;"      ""productos_frescos|pescaderia|gulas_surimi_elaborados"",";;
"                ""nordic blonde"",";"""nordic blonde"",";;;"      ""productos_frescos|pescaderia|marisco_almejas_y_mejillones"",";;
"                ""nos"",";"""nos"",";;;"      ""productos_frescos|pescaderia|pescado_fresco"",";;
"                ""nuchar"",";"""nuchar"",";;;"      ""productos_frescos|pescaderia|preparados_y_elaborados_de_pescado_y_marisco"",";;
"                ""oatibix"",";"""oatibix"",";;;"      ""productos_frescos|pescaderia|pulpo_calamar_y_sepia"",";;
"                ""ob"",";"""ob"",";;;"      ""productos_frescos|platos_preparados|arroces"",";;
"                ""old el paso"",";"""old el paso"",";;;"      ""productos_frescos|platos_preparados|cocina_internacional"",";;
"                ""oral b"",";"""oral b"",";;;"      ""productos_frescos|platos_preparados|ensaladas_gazpachos_y_sandwiches"",";;
"                ""orbit"",";"""orbit"",";;;"      ""productos_frescos|platos_preparados|fritos"",";;
"                ""oreo"",";"""oreo"",";;;"      ""productos_frescos|platos_preparados|pastas_y_pizzas"",";;
"                ""original remedies"",";"""original remedies"",";;;"      ""productos_frescos|platos_preparados|platos_de_carne_y_pescado"",";;
"                ""oro de genave"",";"""oro de genave"",";;;"      ""productos_frescos|platos_preparados|platos_de_verdura"",";;
"                ""oroweat"",";"""oroweat"",";;;"      ""productos_frescos|quesos|anejo"",";;
"                ""ortiz"",";"""ortiz"",";;;"      ""productos_frescos|quesos|azules_y_roquefort"",";;
"                ""oscar mayer"",";"""oscar mayer"",";;;"      ""productos_frescos|quesos|brie_y_camembert"",";;
"                ""palacios"",";"""palacios"",";;;"      ""productos_frescos|quesos|con_denominacion_origen"",";;
"                ""palette intensive creme"",";"""palette intensive creme"",";;;"      ""productos_frescos|quesos|curado"",";;
"                ""palmolive"",";"""palmolive"",";;;"      ""productos_frescos|quesos|semicurado"",";;
"                ""panceliac"",";"""panceliac"",";;;"      ""productos_frescos|verduras_y_hortalizas|ensaladas_y_verduras_preparadas"",";;
"                ""pataks"",";"""pataks"",";;;"      ""productos_frescos|verduras_y_hortalizas|hierbas_aromaticas_y_especias"",";;
"                ""pattex"",";"""pattex"",";;;"      ""productos_frescos|verduras_y_hortalizas|hortalizas"",";;
"                ""pavofrio"",";"""pavofrio"",";;;"      ""productos_frescos|verduras_y_hortalizas|patatas_cebollas_y_ajos"",";;
"                ""pazo de vilane"",";"""pazo de vilane"",";;;"      ""productos_frescos|verduras_y_hortalizas|setas_y_hongos"",";;
"                ""pazo serantello"",";"""pazo serantello"",";;;"      ""productos_frescos|verduras_y_hortalizas|tomates_y_pepinos"",";;
"                ""pedigree"",";"""pedigree"",";;;"      ""zumos|fruta_variada"",";;
"                ""penascal"",";"""penascal"",";;;"      ""zumos|melocoton_y_pina"",";;
"                ""pepsi"",";"""pepsi"",";;;"      ""zumos|naranja"",";;
"                ""pescanova"",";"""pescanova"",";;;"      ""zumos|tomate_y_otros_sabores"",";;
"                ""philadelphia"",";"""philadelphia"",";;;;;
"                ""pikotas"",";"""pikotas"",";;;;;
"                ""pinta en copas"",";"""pinta en copas"",";;;;;
"                ""polident"",";"""polident"",";;;;;
"                ""pom"",";"""pom"",";;;;;
"                ""pompadour"",";"""pompadour"",";;;;;
"                ""powerade"",";"""powerade"",";;;;;
"                ""president"",";"""president"",";;;;;
"                ""prima"",";"""prima"",";;;;;
"                ""pringles"",";"""pringles"",";;;;;
"                ""proceli"",";"""proceli"",";;;;;
"                ""pronto"",";"""pronto"",";;;;;
"                ""protos crianza"",";"""protos crianza"",";;;;;
"                ""protos"",";"""protos"",";;;;;
"                ""puerta de alcala"",";"""puerta de alcala"",";;;;;
"                ""puleva"",";"""puleva"",";;;;;
"                ""puntomatic"",";"""puntomatic"",";;;;;
"                ""purina"",";"""purina"",";;;;;
"                ""quely"",";"""quely"",";;;;;
"                ""ram"",";"""ram"",";;;;;
"                ""ramon bilbao"",";"""ramon bilbao"",";;;;;
"                ""rana"",";"""rana"",";;;;;
"                ""rapun"",";"""rapun"",";;;;;
"                ""red bull"",";"""red bull"",";;;;;
"                ""reese"",";"""reese"",";;;;;
"                ""reglero"",";"""reglero"",";;;;;
"                ""reina"",";"""reina"",";;;;;
"                ""renova"",";"""renova"",";;;;;
"                ""reposteria porta"",";"""reposteria porta"",";;;;;
"                ""revolu green"",";"""revolu green"",";;;;;
"                ""rexona"",";"""rexona"",";;;;;
"                ""ribera de algodor"",";"""ribera de algodor"",";;;;;
"                ""rio seco"",";"""rio seco"",";;;;;
"                ""riojavina"",";"""riojavina"",";;;;;
"                ""rioverde"",";"""rioverde"",";;;;;
"                ""roig"",";"""roig"",";;;;;
"                ""royal"",";"""royal"",";;;;;
"                ""rueda cune"",";"""rueda cune"",";;;;;
"                ""saimaza"",";"""saimaza"",";;;;;
"                ""salitos"",";"""salitos"",";;;;;
"                ""san benedetto"",";"""san benedetto"",";;;;;
"                ""san martin"",";"""san martin"",";;;;;
"                ""san miguel"",";"""san miguel"",";;;;;
"                ""san pellegrino"",";"""san pellegrino"",";;;;;
"                ""san"",";"""san"",";;;;;
"                ""sanex"",";"""sanex"",";;;;;
"                ""sangre de toro"",";"""sangre de toro"",";;;;;
"                ""sanicentro"",";"""sanicentro"",";;;;;
"                ""santa ana"",";"""santa ana"",";;;;;
"                ""sanytol"",";"""sanytol"",";;;;;
"                ""schwarzkopf"",";"""schwarzkopf"",";;;;;
"                ""schweppes"",";"""schweppes"",";;;;;
"                ""scotch brite"",";"""scotch brite"",";;;;;
"                ""scottex"",";"""scottex"",";;;;;
"                ""seagram"",";"""seagram"",";;;;;
"                ""senorio de ayerbe"",";"""senorio de ayerbe"",";;;;;
"                ""senorio de los llanos"",";"""senorio de los llanos"",";;;;;
"                ""senorio de ondas"",";"""senorio de ondas"",";;;;;
"                ""seven up"",";"""seven up"",";;;;;
"                ""shandy"",";"""shandy"",";;;;;
"                ""sietem"",";"""sietem"",";;;;;
"                ""signal"",";"""signal"",";;;;;
"                ""sismicus"",";"""sismicus"",";;;;;
"                ""skip"",";"""skip"",";;;;;
"                ""skittles"",";"""skittles"",";;;;;
"                ""smint"",";"""smint"",";;;;;
"                ""snatts"",";"""snatts"",";;;;;
"                ""snickers"",";"""snickers"",";;;;;
"                ""solan de cabras"",";"""solan de cabras"",";;;;;
"                ""solano"",";"""solano"",";;;;;
"                ""solis"",";"""solis"",";;;;;
"                ""somat"",";"""somat"",";;;;;
"                ""somosierra"",";"""somosierra"",";;;;;
"                ""sorbos"",";"""sorbos"",";;;;;
"                ""splash"",";"""splash"",";;;;;
"                ""spontex"",";"""spontex"",";;;;;
"                ""sprite"",";"""sprite"",";;;;;
"                ""st michel"",";"""st michel"",";;;;;
"                ""suerte ampanera"",";"""suerte ampanera"",";;;;;
"                ""sun"",";"""sun"",";;;;;
"                ""tamaron"",";"""tamaron"",";;;;;
"                ""tampax"",";"""tampax"",";;;;;
"                ""tdoy air"",";"""tdoy air"",";;;;;
"                ""tekefinger"",";"""tekefinger"",";;;;;
"                ""tena"",";"""tena"",";;;;;
"                ""tenso pro"",";"""tenso pro"",";;;;;
"                ""the rustik bakery"",";"""the rustik bakery"",";;;;;
"                ""tiger khan"",";"""tiger khan"",";;;;;
"                ""timotei"",";"""timotei"",";;;;;
"                ""topaz"",";"""topaz"",";;;;;
"                ""toque especial"",";"""toque especial"",";;;;;
"                ""toscaf"",";"""toscaf"",";;;;;
"                ""trapa"",";"""trapa"",";;;;;
"                ""tresemme"",";"""tresemme"",";;;;;
"                ""trevijano"",";"""trevijano"",";;;;;
"                ""trident"",";"""trident"",";;;;;
"                ""trolli"",";"""trolli"",";;;;;
"                ""tulipan negro m"",";"""tulipan negro m"",";;;;;
"                ""ubago"",";"""ubago"",";;;;;
"                ""ultima"",";"""ultima"",";;;;;
"                ""valor"",";"""valor"",";;;;;
"                ""vanish o"",";"""vanish o"",";;;;;
"                ""varta"",";"""varta"",";;;;;
"                ""veet"",";"""veet"",";;;;;
"                ""vega del baron"",";"""vega del baron"",";;;;;
"                ""vega paz"",";"""vega paz"",";;;;;
"                ""vegedia"",";"""vegedia"",";;;;;
"                ""velero"",";"""velero"",";;;;;
"                ""veterano"",";"""veterano"",";;;;;
"                ""viakal"",";"""viakal"",";;;;;
"                ""vichy catalan"",";"""vichy catalan"",";;;;;
"                ""victoria"",";"""victoria"",";;;;;
"                ""vina albali"",";"""vina albali"",";;;;;
"                ""vina danza"",";"""vina danza"",";;;;;
"                ""vina pomal"",";"""vina pomal"",";;;;;
"                ""vitakraft"",";"""vitakraft"",";;;;;
"                ""vitarelle"",";"""vitarelle"",";;;;;
"                ""vive"",";"""vive"",";;;;;
"                ""vivesoy"",";"""vivesoy"",";;;;;
"                ""vivisima"",";"""vivisima"",";;;;;
"                ""weider"",";"""weider"",";;;;;
"                ""weikis"",";"""weikis"",";;;;;
"                ""werther"",";"""werther"",";;;;;
"                ""whiskas"",";"""whiskas"",";;;;;
"                ""wilkinson"",";"""wilkinson"",";;;;;
"                ""wimbi"",";"""wimbi"",";;;;;
"                ""ybarra"",";"""ybarra"",";;;;;
"                ""yosoy"",";"""yosoy"",";;;;;
"                ""yzaguirre"",";"""yzaguirre"",";;;;;
"                ""zespri"",";"""zespri"",";;;;;
"               ""aceite"",";"""aceite"",";;;;;
"               ""aceitedeoliva"",";"""aceitedeoliva"",";;;;;
"               ""aceto"",";"""aceto"",";;;;;
"               ""acondicionador"",";"""acondicionador"",";;;;;
"               ""adhesivo"",";"""adhesivo"",";;;;;
"               ""aditivo"",";"""aditivo"",";;;;;
"               ""after"",";"""after"",";;;;;
"               ""agave"",";"""agave"",";;;;;
"               ""aglomerante"",";"""aglomerante"",";;;;;
"               ""agua"",";"""agua"",";;;;;
"               ""aguacate"",";"""aguacate"",";;;;;
"               ""aguamineral"",";"""aguamineral"",";;;;;
"               ""aguja"",";"""aguja"",";;;;;
"               ""ajo"",";"""ajo"",";;;;;
"               ""ala"",";"""ala"",";;;;;
"               ""albahaca"",";"""albahaca"",";;;;;
"               ""albaricoque"",";"""albaricoque"",";;;;;
"               ""alcachofa"",";"""alcachofa"",";;;;;
"               ""alcohol"",";"""alcohol"",";;;;;
"               ""alga"",";"""alga"",";;;;;
"               ""algodon"",";"""algodon"",";;;;;
"               ""alimento"",";"""alimento"",";;;;;
"               ""alino"",";"""alino"",";;;;;
"               ""almendra"",";"""almendra"",";;;;;
"               ""almibar"",";"""almibar"",";;;;;
"               ""aloe"",";"""aloe"",";;;;;
"               ""alubia"",";"""alubia"",";;;;;
"               ""anis"",";"""anis"",";;;;;
"               ""anojo"",";"""anojo"",";;;;;
"               ""anti"",";"""anti"",";;;;;
"               ""antioxidante"",";"""antioxidante"",";;;;;
"               ""antiseptico"",";"""antiseptico"",";;;;;
"               ""aparato"",";"""aparato"",";;;;;
"               ""aperitivo"",";"""aperitivo"",";;;;;
"               ""arandano"",";"""arandano"",";;;;;
"               ""arbol"",";"""arbol"",";;;;;
"               ""arcilla"",";"""arcilla"",";;;;;
"               ""arena"",";"""arena"",";;;;;
"               ""arnes"",";"""arnes"",";;;;;
"               ""aroma"",";"""aroma"",";;;;;
"               ""arroz"",";"""arroz"",";;;;;
"               ""arrozconleche"",";"""arrozconleche"",";;;;;
"               ""asa"",";"""asa"",";;;;;
"               ""asado"",";"""asado"",";;;;;
"               ""atun"",";"""atun"",";;;;;
"               ""ave"",";"""ave"",";;;;;
"               ""avellana"",";"""avellana"",";;;;;
"               ""avena"",";"""avena"",";;;;;
"               ""axe"",";"""axe"",";;;;;
"               ""azafran"",";"""azafran"",";;;;;
"               ""azucar"",";"""azucar"",";;;;;
"               ""azucarblanco"",";"""azucarblanco"",";;;;;
"               ""azucarmoreno"",";"""azucarmoreno"",";;;;;
"               ""babilla"",";"""babilla"",";;;;;
"               ""bacalao"",";"""bacalao"",";;;;;
"               ""bacon"",";"""bacon"",";;;;;
"               ""balsamo"",";"""balsamo"",";;;;;
"               ""bandeja"",";"""bandeja"",";;;;;
"               ""barqueta"",";"""barqueta"",";;;;;
"               ""barquillo"",";"""barquillo"",";;;;;
"               ""barra"",";"""barra"",";;;;;
"               ""barrica"",";"""barrica"",";;;;;
"               ""base"",";"""base"",";;;;;
"               ""bebida"",";"""bebida"",";;;;;
"               ""bellota"",";"""bellota"",";;;;;
"               ""bergamota"",";"""bergamota"",";;;;;
"               ""bicarbonato"",";"""bicarbonato"",";;;;;
"               ""bizcocho"",";"""bizcocho"",";;;;;
"               ""bloc"",";"""bloc"",";;;;;
"               ""bloque"",";"""bloque"",";;;;;
"               ""bocadillo"",";"""bocadillo"",";;;;;
"               ""bola"",";"""bola"",";;;;;
"               ""bolsa"",";"""bolsa"",";;;;;
"               ""bolsita"",";"""bolsita"",";;;;;
"               ""bomba"",";"""bomba"",";;;;;
"               ""bombon"",";"""bombon"",";;;;;
"               ""bonito"",";"""bonito"",";;;;;
"               ""bote"",";"""bote"",";;;;;
"               ""botella"",";"""botella"",";;;;;
"               ""brazo"",";"""brazo"",";;;;;
"               ""brillo"",";"""brillo"",";;;;;
"               ""broche"",";"""broche"",";;;;;
"               ""brocoli"",";"""brocoli"",";;;;;
"               ""buey"",";"""buey"",";;;;;
"               ""burrito"",";"""burrito"",";;;;;
"               ""caballa"",";"""caballa"",";;;;;
"               ""cabeza"",";"""cabeza"",";;;;;
"               ""cacahuete"",";"""cacahuete"",";;;;;
"               ""cacao"",";"""cacao"",";;;;;
"               ""cadera"",";"""cadera"",";;;;;
"               ""cafe"",";"""cafe"",";;;;;
"               ""cafeina"",";"""cafeina"",";;;;;
"               ""caja"",";"""caja"",";;;;;
"               ""calabacin"",";"""calabacin"",";;;;;
"               ""calabaza"",";"""calabaza"",";;;;;
"               ""calamar"",";"""calamar"",";;;;;
"               ""calcetin"",";"""calcetin"",";;;;;
"               ""calcio"",";"""calcio"",";;;;;
"               ""caldo"",";"""caldo"",";;;;;
"               ""callo"",";"""callo"",";;;;;
"               ""camembert"",";"""camembert"",";;;;;
"               ""camomila"",";"""camomila"",";;;;;
"               ""cana"",";"""cana"",";;;;;
"               ""canela"",";"""canela"",";;;;;
"               ""cangrejo"",";"""cangrejo"",";;;;;
"               ""capsula"",";"""capsula"",";;;;;
"               ""caramel"",";"""caramel"",";;;;;
"               ""caramelo"",";"""caramelo"",";;;;;
"               ""carbon"",";"""carbon"",";;;;;
"               ""cardo"",";"""cardo"",";;;;;
"               ""carne"",";"""carne"",";;;;;
"               ""cava"",";"""cava"",";;;;;
"               ""caviar"",";"""caviar"",";;;;;
"               ""cazuela"",";"""cazuela"",";;;;;
"               ""cebo"",";"""cebo"",";;;;;
"               ""cebolla"",";"""cebolla"",";;;;;
"               ""centeno"",";"""centeno"",";;;;;
"               ""cepillo"",";"""cepillo"",";;;;;
"               ""cera"",";"""cera"",";;;;;
"               ""cerdo"",";"""cerdo"",";;;;;
"               ""cereal"",";"""cereal"",";;;;;
"               ""cereza"",";"""cereza"",";;;;;
"               ""cerveza"",";"""cerveza"",";;;;;
"               ""cesta"",";"""cesta"",";;;;;
"               ""champu"",";"""champu"",";;;;;
"               ""chicle"",";"""chicle"",";;;;;
"               ""chile"",";"""chile"",";;;;;
"               ""chip"",";"""chip"",";;;;;
"               ""choco"",";"""choco"",";;;;;
"               ""chocolate"",";"""chocolate"",";;;;;
"               ""chocolateblanco"",";"""chocolateblanco"",";;;;;
"               ""chocolatina"",";"""chocolatina"",";;;;;
"               ""chorizo"",";"""chorizo"",";;;;;
"               ""chufa"",";"""chufa"",";;;;;
"               ""cilantro"",";"""cilantro"",";;;;;
"               ""cinta"",";"""cinta"",";;;;;
"               ""ciruela"",";"""ciruela"",";;;;;
"               ""cocido"",";"""cocido"",";;;;;
"               ""coco"",";"""coco"",";;;;;
"               ""coctel"",";"""coctel"",";;;;;
"               ""cola"",";"""cola"",";;;;;
"               ""coliflor"",";"""coliflor"",";;;;;
"               ""colina"",";"""colina"",";;;;;
"               ""colonia"",";"""colonia"",";;;;;
"               ""colorante"",";"""colorante"",";;;;;
"               ""comida"",";"""comida"",";;;;;
"               ""compresa"",";"""compresa"",";;;;;
"               ""conejo"",";"""conejo"",";;;;;
"               ""confitura"",";"""confitura"",";;;;;
"               ""congelad"",";"""congelad"",";;;;;
"               ""contorno"",";"""contorno"",";;;;;
"               ""copa"",";"""copa"",";;;;;
"               ""corazon"",";"""corazon"",";;;;;
"               ""cordero"",";"""cordero"",";;;;;
"               ""corteza"",";"""corteza"",";;;;;
"               ""crema"",";"""crema"",";;;;;
"               ""crianza"",";"""crianza"",";;;;;
"               ""cubo"",";"""cubo"",";;;;;
"               ""curcuma"",";"""curcuma"",";;;;;
"               ""desincrustante"",";"""desincrustante"",";;;;;
"               ""desinfectante"",";"""desinfectante"",";;;;;
"               ""desodorante"",";"""desodorante"",";;;;;
"               ""detergente"",";"""detergente"",";;;;;
"               ""dulce"",";"""dulce"",";;;;;
"               ""dulcedeleche"",";"""dulcedeleche"",";;;;;
"               ""edulcorante"",";"""edulcorante"",";;;;;
"               ""elixir"",";"""elixir"",";;;;;
"               ""empanada"",";"""empanada"",";;;;;
"               ""envase"",";"""envase"",";;;;;
"               ""espagueti"",";"""espagueti"",";;;;;
"               ""esparrago"",";"""esparrago"",";;;;;
"               ""esponja"",";"""esponja"",";;;;;
"               ""espuma"",";"""espuma"",";;;;;
"               ""estropajo"",";"""estropajo"",";;;;;
"               ""estuche"",";"""estuche"",";;;;;
"               ""exfoliante"",";"""exfoliante"",";;;;;
"               ""extracto"",";"""extracto"",";;;;;
"               ""fabada"",";"""fabada"",";;;;;
"               ""fiambre"",";"""fiambre"",";;;;;
"               ""fibra"",";"""fibra"",";;;;;
"               ""fideo"",";"""fideo"",";;;;;
"               ""fideua"",";"""fideua"",";;;;;
"               ""flan"",";"""flan"",";;;;;
"               ""fletan"",";"""fletan"",";;;;;
"               ""fletannegro"",";"""fletannegro"",";;;;;
"               ""flor"",";"""flor"",";;;;;
"               ""fluor"",";"""fluor"",";;;;;
"               ""folio"",";"""folio"",";;;;;
"               ""fragancia"",";"""fragancia"",";;;;;
"               ""frambuesa"",";"""frambuesa"",";;;;;
"               ""fregona"",";"""fregona"",";;;;;
"               ""fruta"",";"""fruta"",";;;;;
"               ""galleta"",";"""galleta"",";;;;;
"               ""gamba"",";"""gamba"",";;;;;
"               ""gamuza"",";"""gamuza"",";;;;;
"               ""garbanzo"",";"""garbanzo"",";;;;;
"               ""garrafa"",";"""garrafa"",";;;;;
"               ""garron"",";"""garron"",";;;;;
"               ""gaseosa"",";"""gaseosa"",";;;;;
"               ""gazpacho"",";"""gazpacho"",";;;;;
"               ""gel"",";"""gel"",";;;;;
"               ""gelatina"",";"""gelatina"",";;;;;
"               ""ginebra"",";"""ginebra"",";;;;;
"               ""goma"",";"""goma"",";;;;;
"               ""gota"",";"""gota"",";;;;;
"               ""gragea"",";"""gragea"",";;;;;
"               ""grano"",";"""grano"",";;;;;
"               ""granola"",";"""granola"",";;;;;
"               ""grasa"",";"""grasa"",";;;;;
"               ""griego"",";"""griego"",";;;;;
"               ""guacamole"",";"""guacamole"",";;;;;
"               ""guante"",";"""guante"",";;;;;
"               ""gula"",";"""gula"",";;;;;
"               ""hamburguesa"",";"""hamburguesa"",";;;;;
"               ""harina"",";"""harina"",";;;;;
"               ""hebra"",";"""hebra"",";;;;;
"               ""helado"",";"""helado"",";;;;;
"               ""hielo"",";"""hielo"",";;;;;
"               ""hierbabuena"",";"""hierbabuena"",";;;;;
"               ""higado"",";"""higado"",";;;;;
"               ""hilo"",";"""hilo"",";;;;;
"               ""hinojo"",";"""hinojo"",";;;;;
"               ""hogaza"",";"""hogaza"",";;;;;
"               ""hoja"",";"""hoja"",";;;;;
"               ""hojaldre"",";"""hojaldre"",";;;;;
"               ""hueso"",";"""hueso"",";;;;;
"               ""huevo"",";"""huevo"",";;;;;
"               ""hummus"",";"""hummus"",";;;;;
"               ""iluminador"",";"""iluminador"",";;;;;
"               ""infusion"",";"""infusion"",";;;;;
"               ""jabon"",";"""jabon"",";;;;;
"               ""jalea"",";"""jalea"",";;;;;
"               ""jamon"",";"""jamon"",";;;;;
"               ""jamoniberico"",";"""jamoniberico"",";;;;;
"               ""jengibre"",";"""jengibre"",";;;;;
"               ""judi"",";"""judi"",";;;;;
"               ""jugo"",";"""jugo"",";;;;;
"               ""kefir"",";"""kefir"",";;;;;
"               ""ketchup"",";"""ketchup"",";;;;;
"               ""kit"",";"""kit"",";;;;;
"               ""kiwi"",";"""kiwi"",";;;;;
"               ""laca"",";"""laca"",";;;;;
"               ""langostino"",";"""langostino"",";;;;;
"               ""lapiz"",";"""lapiz"",";;;;;
"               ""lasana"",";"""lasana"",";;;;;
"               ""lata"",";"""lata"",";;;;;
"               ""laurel"",";"""laurel"",";;;;;
"               ""lavavajillas"",";"""lavavajillas"",";;;;;
"               ""leche"",";"""leche"",";;;;;
"               ""lechecondensada"",";"""lechecondensada"",";;;;;
"               ""lecho"",";"""lecho"",";;;;;
"               ""lejia"",";"""lejia"",";;;;;
"               ""lenteja"",";"""lenteja"",";;;;;
"               ""levadura"",";"""levadura"",";;;;;
"               ""licor"",";"""licor"",";;;;;
"               ""lima"",";"""lima"",";;;;;
"               ""limon"",";"""limon"",";;;;;
"               ""limpia"",";"""limpia"",";;;;;
"               ""limpiacristales"",";"""limpiacristales"",";;;;;
"               ""lino"",";"""lino"",";;;;;
"               ""locion"",";"""locion"",";;;;;
"               ""lomo"",";"""lomo"",";;;;;
"               ""macarron"",";"""macarron"",";;;;;
"               ""macedonia"",";"""macedonia"",";;;;;
"               ""maceta"",";"""maceta"",";;;;;
"               ""magnesio"",";"""magnesio"",";;;;;
"               ""magro"",";"""magro"",";;;;;
"               ""maiz"",";"""maiz"",";;;;;
"               ""malla"",";"""malla"",";;;;;
"               ""mandarina"",";"""mandarina"",";;;;;
"               ""mango"",";"""mango"",";;;;;
"               ""manojo"",";"""manojo"",";;;;;
"               ""manteca"",";"""manteca"",";;;;;
"               ""mantequilla"",";"""mantequilla"",";;;;;
"               ""manzana"",";"""manzana"",";;;;;
"               ""maquina"",";"""maquina"",";;;;;
"               ""margarina"",";"""margarina"",";;;;;
"               ""marisco"",";"""marisco"",";;;;;
"               ""masa"",";"""masa"",";;;;;
"               ""masamadre"",";"""masamadre"",";;;;;
"               ""mascarpone"",";"""mascarpone"",";;;;;
"               ""mate"",";"""mate"",";;;;;
"               ""mayonesa"",";"""mayonesa"",";;;;;
"               ""mediana"",";"""mediana"",";;;;;
"               ""mejillon"",";"""mejillon"",";;;;;
"               ""melocoton"",";"""melocoton"",";;;;;
"               ""melon"",";"""melon"",";;;;;
"               ""membrillo"",";"""membrillo"",";;;;;
"               ""menta"",";"""menta"",";;;;;
"               ""mermelada"",";"""mermelada"",";;;;;
"               ""mezcla"",";"""mezcla"",";;;;;
"               ""miel"",";"""miel"",";;;;;
"               ""mix"",";"""mix"",";;;;;
"               ""mojicon"",";"""mojicon"",";;;;;
"               ""molde"",";"""molde"",";;;;;
"               ""molinillo"",";"""molinillo"",";;;;;
"               ""mopa"",";"""mopa"",";;;;;
"               ""morcilla"",";"""morcilla"",";;;;;
"               ""mortadela"",";"""mortadela"",";;;;;
"               ""mostaza"",";"""mostaza"",";;;;;
"               ""mosto"",";"""mosto"",";;;;;
"               ""mousse"",";"""mousse"",";;;;;
"               ""muesli"",";"""muesli"",";;;;;
"               ""napolitana"",";"""napolitana"",";;;;;
"               ""naranja"",";"""naranja"",";;;;;
"               ""nata"",";"""nata"",";;;;;
"               ""nectar"",";"""nectar"",";;;;;
"               ""nectarina"",";"""nectarina"",";;;;;
"               ""nido"",";"""nido"",";;;;;
"               ""oliva"",";"""oliva"",";;;;;
"               ""omega"",";"""omega"",";;;;;
"               ""oregano"",";"""oregano"",";;;;;
"               ""oreja"",";"""oreja"",";;;;;
"               ""orujo"",";"""orujo"",";;;;;
"               ""osito"",";"""osito"",";;;;;
"               ""pacharan"",";"""pacharan"",";;;;;
"               ""paella"",";"""paella"",";;;;;
"               ""paja"",";"""paja"",";;;;;
"               ""paleta"",";"""paleta"",";;;;;
"               ""palo"",";"""palo"",";;;;;
"               ""pan"",";"""pan"",";;;;;
"               ""pandemolde"",";"""pandemolde"",";;;;;
"               ""papel"",";"""papel"",";;;;;
"               ""papelaluminio"",";"""papelaluminio"",";;;;;
"               ""papelhigienico"",";"""papelhigienico"",";;;;;
"               ""papilla"",";"""papilla"",";;;;;
"               ""paquete"",";"""paquete"",";;;;;
"               ""pasta"",";"""pasta"",";;;;;
"               ""pastel"",";"""pastel"",";;;;;
"               ""patata"",";"""patata"",";;;;;
"               ""pate"",";"""pate"",";;;;;
"               ""pato"",";"""pato"",";;;;;
"               ""pavo"",";"""pavo"",";;;;;
"               ""pechuga"",";"""pechuga"",";;;;;
"               ""pera"",";"""pera"",";;;;;
"               ""perejil"",";"""perejil"",";;;;;
"               ""perfume"",";"""perfume"",";;;;;
"               ""pescado"",";"""pescado"",";;;;;
"               ""pesto"",";"""pesto"",";;;;;
"               ""pica"",";"""pica"",";;;;;
"               ""picante"",";"""picante"",";;;;;
"               ""pieza"",";"""pieza"",";;;;;
"               ""pila"",";"""pila"",";;;;;
"               ""pimenton"",";"""pimenton"",";;;;;
"               ""pimienta"",";"""pimienta"",";;;;;
"               ""pimientanegra"",";"""pimientanegra"",";;;;;
"               ""pimiento"",";"""pimiento"",";;;;;
"               ""pina"",";"""pina"",";;;;;
"               ""pinza"",";"""pinza"",";;;;;
"               ""pisto"",";"""pisto"",";;;;;
"               ""pistola"",";"""pistola"",";;;;;
"               ""pizza"",";"""pizza"",";;;;;
"               ""plastico"",";"""plastico"",";;;;;
"               ""platano"",";"""platano"",";;;;;
"               ""plumero"",";"""plumero"",";;;;;
"               ""pollo"",";"""pollo"",";;;;;
"               ""polo"",";"""polo"",";;;;;
"               ""polvo"",";"""polvo"",";;;;;
"               ""pomelo"",";"""pomelo"",";;;;;
"               ""postre"",";"""postre"",";;;;;
"               ""preparado"",";"""preparado"",";;;;;
"               ""proteccion"",";"""proteccion"",";;;;;
"               ""protector"",";"""protector"",";;;;;
"               ""protectora"",";"""protectora"",";;;;;
"               ""pulpo"",";"""pulpo"",";;;;;
"               ""punta"",";"""punta"",";;;;;
"               ""pure"",";"""pure"",";;;;;
"               ""queso"",";"""queso"",";;;;;
"               ""quesogouda"",";"""quesogouda"",";;;;;
"               ""red"",";"""red"",";;;;;
"               ""redondo"",";"""redondo"",";;;;;
"               ""refresco"",";"""refresco"",";;;;;
"               ""regaliz"",";"""regaliz"",";;;;;
"               ""relleno"",";"""relleno"",";;;;;
"               ""remolacha"",";"""remolacha"",";;;;;
"               ""rodaja"",";"""rodaja"",";;;;;
"               ""rollo"",";"""rollo"",";;;;;
"               ""romero"",";"""romero"",";;;;;
"               ""ron"",";"""ron"",";;;;;
"               ""rosada"",";"""rosada"",";;;;;
"               ""rulo"",";"""rulo"",";;;;;
"               ""sal"",";"""sal"",";;;;;
"               ""salchicha"",";"""salchicha"",";;;;;
"               ""sales"",";"""sales"",";;;;;
"               ""salmon"",";"""salmon"",";;;;;
"               ""salmuera"",";"""salmuera"",";;;;;
"               ""salsa"",";"""salsa"",";;;;;
"               ""salsabarbacoa"",";"""salsabarbacoa"",";;;;;
"               ""salvado"",";"""salvado"",";;;;;
"               ""sandia"",";"""sandia"",";;;;;
"               ""sandwich"",";"""sandwich"",";;;;;
"               ""sarta"",";"""sarta"",";;;;;
"               ""seda"",";"""seda"",";;;;;
"               ""semilla"",";"""semilla"",";;;;;
"               ""sepia"",";"""sepia"",";;;;;
"               ""servilleta"",";"""servilleta"",";;;;;
"               ""sesamo"",";"""sesamo"",";;;;;
"               ""sidra"",";"""sidra"",";;;;;
"               ""silicona"",";"""silicona"",";;;;;
"               ""snack"",";"""snack"",";;;;;
"               ""soja"",";"""soja"",";;;;;
"               ""solomillo"",";"""solomillo"",";;;;;
"               ""sopa"",";"""sopa"",";;;;;
"               ""suero"",";"""suero"",";;;;;
"               ""sushi"",";"""sushi"",";;;;;
"               ""tabla"",";"""tabla"",";;;;;
"               ""tableta"",";"""tableta"",";;;;;
"               ""taco"",";"""taco"",";;;;;
"               ""talco"",";"""talco"",";;;;;
"               ""tapa"",";"""tapa"",";;;;;
"               ""tarro"",";"""tarro"",";;;;;
"               ""tarta"",";"""tarta"",";;;;;
"               ""te"",";"""te"",";;;;;
"               ""ternera"",";"""ternera"",";;;;;
"               ""tetina"",";"""tetina"",";;;;;
"               ""tila"",";"""tila"",";;;;;
"               ""tinta"",";"""tinta"",";;;;;
"               ""tinto"",";"""tinto"",";;;;;
"               ""tomate"",";"""tomate"",";;;;;
"               ""tonica"",";"""tonica"",";;;;;
"               ""tonico"",";"""tonico"",";;;;;
"               ""tortilla"",";"""tortilla"",";;;;;
"               ""tostada"",";"""tostada"",";;;;;
"               ""trenza"",";"""trenza"",";;;;;
"               ""trigo"",";"""trigo"",";;;;;
"               ""tripa"",";"""tripa"",";;;;;
"               ""trucha"",";"""trucha"",";;;;;
"               ""trufa"",";"""trufa"",";;;;;
"               ""tubo"",";"""tubo"",";;;;;
"               ""turbante"",";"""turbante"",";;;;;
"               ""turron"",";"""turron"",";;;;;
"               ""uva"",";"""uva"",";;;;;
"               ""vaca"",";"""vaca"",";;;;;
"               ""vainilla"",";"""vainilla"",";;;;;
"               ""valeriana"",";"""valeriana"",";;;;;
"               ""vaso"",";"""vaso"",";;;;;
"               ""vela"",";"""vela"",";;;;;
"               ""vinagre"",";"""vinagre"",";;;;;
"               ""vino"",";"""vino"",";;;;;
"               ""vitamina"",";"""vitamina"",";;;;;
"               ""vodka"",";"""vodka"",";;;;;
"               ""whisky"",";"""whisky"",";;;;;
"               ""yerba"",";"""yerba"",";;;;;
"               ""yerbamate"",";"""yerbamate"",";;;;;
"               ""yogur"",";"""yogur"",";;;;;
"               ""zanahoria"",";"""zanahoria"",";;;;;
"           ""abrillantador"",";"""abrillantador"",";;;;;
"           ""zinc"",";"""zinc"",";;;;;
"          ""abadejo"",";"""abadejo"",";;;;;
"          ""absorbeolores"",";"""absorbeolores"",";;;;;
"          ""aceituna"",";"""aceituna"",";;;;;
"          ""acelga"",";"""acelga"",";;;;;
"          ""acetona"",";"""acetona"",";;;;;
"          ""aclara"",";"""aclara"",";;;;;
"          ""acuarius"",";"""acuarius"",";;;;;
"          ""adhesiv"",";"""adhesiv"",";;;;;
"          ""alioli"",";"""alioli"",";;;;;
"          ""alistado"",";"""alistado"",";;;;;
"          ""almeja"",";"""almeja"",";;;;;
"          ""ambientador"",";"""ambientador"",";;;;;
"          ""amoniaco"",";"""amoniaco"",";;;;;
"          ""ampolla"",";"""ampolla"",";;;;;
"          ""anacardo"",";"""anacardo"",";;;;;
"          ""antipolilla"",";"""antipolilla"",";;;;;
"          ""aposito"",";"""aposito"",";;;;;
"          ""archivador"",";"""archivador"",";;;;;
"          ""arco"",";"""arco"",";;;;;
"          ""arito"",";"""arito"",";;;;;
"          ""arreglo"",";"""arreglo"",";;;;;
"          ""aspirador"",";"""aspirador"",";;;;;
"          ""babero"",";"""babero"",";;;;;
"          ""bacaladilla"",";"""bacaladilla"",";;;;;
"          ""bagel"",";"""bagel"",";;;;;
"          ""baguette"",";"""baguette"",";;;;;
"          ""bailey"",";"""bailey"",";;;;;
"          ""banana"",";"""banana"",";;;;;
"          ""banderilla"",";"""banderilla"",";;;;;
"          ""barrita"",";"""barrita"",";;;;;
"          ""bastoncillo"",";"""bastoncillo"",";;;;;
"          ""batata"",";"""batata"",";;;;;
"          ""batido"",";"""batido"",";;;;;
"          ""bayeta"",";"""bayeta"",";;;;;
"          ""berberecho"",";"""berberecho"",";;;;;
"          ""berenjena"",";"""berenjena"",";;;;;
"          ""berlina"",";"""berlina"",";;;;;
"          ""betun"",";"""betun"",";;;;;
"          ""bifidus"",";"""bifidus"",";;;;;
"          ""bitter"",";"""bitter"",";;;;;
"          ""blanqueador"",";"""blanqueador"",";;;;;
"          ""bloc"",";"""bloc"",";;;;;
"          ""body"",";"""body"",";;;;;
"          ""boligrafo"",";"""boligrafo"",";;;;;
"          ""bollo"",";"""bollo"",";;;;;
"          ""bombilla"",";"""bombilla"",";;;;;
"          ""boniato"",";"""boniato"",";;;;;
"          ""borrador"",";"""borrador"",";;;;;
"          ""brandy"",";"""brandy"",";;;;;
"          ""brocha"",";"""brocha"",";;;;;
"          ""bunuelo"",";"""bunuelo"",";;;;;
"          ""burrata"",";"""burrata"",";;;;;
"          ""butifarra"",";"""butifarra"",";;;;;
"          ""cambiador"",";"""cambiador"",";;;;;
"          ""canelon"",";"""canelon"",";;;;;
"          ""canonigo"",";"""canonigo"",";;;;;
"          ""carpeta"",";"""carpeta"",";;;;;
"          ""carrillada"",";"""carrillada"",";;;;;
"          ""castan"",";"""castan"",";;;;;
"          ""cayena"",";"""cayena"",";;;;;
"          ""cerilla"",";"""cerilla"",";;;;;
"          ""champagne"",";"""champagne"",";;;;;
"          ""champinon"",";"""champinon"",";;;;;
"          ""chipiron"",";"""chipiron"",";;;;;
"          ""chirla"",";"""chirla"",";;;;;
"          ""chopped"",";"""chopped"",";;;;;
"          ""chuleta"",";"""chuleta"",";;;;;
"          ""chupete"",";"""chupete"",";;;;;
"          ""cider"",";"""cider"",";;;;;
"          ""clara"",";"""clara"",";;;;;
"          ""clip"",";"""clip"",";;;;;
"          ""cloro"",";"""cloro"",";;;;;
"          ""cocktail"",";"""cocktail"",";;;;;
"          ""codillo"",";"""codillo"",";;;;;
"          ""codorni"",";"""codorni"",";;;;;
"          ""cognac"",";"""cognac"",";;;;;
"          ""col"",";"""col"",";;;;;
"          ""colagen"",";"""colagen"",";;;;;
"          ""colgador"",";"""colgador"",";;;;;
"          ""colines"",";"""colines"",";;;;;
"          ""colorete"",";"""colorete"",";;;;;
"          ""colutorio"",";"""colutorio"",";;;;;
"          ""condon"",";"""condon"",";;;;;
"          ""conserva"",";"""conserva"",";;;;;
"          ""contesa"",";"""contesa"",";;;;;
"          ""costilla"",";"""costilla"",";;;;;
"          ""cous"",";"""cous"",";;;;;
"          ""croissant"",";"""croissant"",";;;;;
"          ""croqueta"",";"""croqueta"",";;;;;
"          ""cuajada"",";"""cuajada"",";;;;;
"          ""cubierto"",";"""cubierto"",";;;;;
"          ""cuchilla"",";"""cuchilla"",";;;;;
"          ""cuchillo"",";"""cuchillo"",";;;;;
"          ""Danacol"",";"""Danacol"",";;;;;
"          ""danet"",";"""danet"",";;;;;
"          ""datil"",";"""datil"",";;;;;
"          ""decolorante"",";"""decolorante"",";;;;;
"          ""dentifrico"",";"""dentifrico"",";;;;;
"          ""desatascador"",";"""desatascador"",";;;;;
"          ""desmaquillante"",";"""desmaquillante"",";;;;;
"          ""difusor"",";"""difusor"",";;;;;
"          ""disco"",";"""disco"",";;;;;
"          ""embutido"",";"""embutido"",";;;;;
"          ""emperador"",";"""emperador"",";;;;;
"          ""encendedor"",";"""encendedor"",";;;;;
"          ""encurtido"",";"""encurtido"",";;;;;
"          ""endurecedor"",";"""endurecedor"",";;;;;
"          ""eneldo"",";"""eneldo"",";;;;;
"          ""enjuague"",";"""enjuague"",";;;;;
"          ""ensalad"",";"""ensalad"",";;;;;
"          ""entrecot"",";"""entrecot"",";;;;;
"          ""escoba"",";"""escoba"",";;;;;
"          ""esparadrapo"",";"""esparadrapo"",";;;;;
"          ""espetec"",";"""espetec"",";;;;;
"          ""espinaca"",";"""espinaca"",";;;;;
"          ""espinazo"",";"""espinazo"",";;;;;
"          ""fajita"",";"""fajita"",";;;;;
"          ""fertilizante"",";"""fertilizante"",";;;;;
"          ""fijador"",";"""fijador"",";;;;;
"          ""filete"",";"""filete"",";;;;;
"          ""film"",";"""film"",";;;;;
"          ""filtro"",";"""filtro"",";;;;;
"          ""foie"",";"""foie"",";;;;;
"          ""folio"",";"""folio"",";;;;;
"          ""fondue"",";"""fondue"",";;;;;
"          ""friegasuelo"",";"""friegasuelo"",";;;;;
"          ""frutossecos"",";"""frutossecos"",";;;;;
"          ""fuet"",";"""fuet"",";;;;;
"          ""funda"",";"""funda"",";;;;;
"          ""galletita"",";"""galletita"",";;;;;
"          ""gallina"",";"""gallina"",";;;;;
"          ""gallo"",";"""gallo"",";;;;;
"          ""gambon"",";"""gambon"",";;;;;
"          ""gasa"",";"""gasa"",";;;;;
"          ""golosina"",";"""golosina"",";;;;;
"          ""gomina"",";"""gomina"",";;;;;
"          ""gominola"",";"""gominola"",";;;;;
"          ""guindilla"",";"""guindilla"",";;;;;
"          ""guisante"",";"""guisante"",";;;;;
"          ""gusanito"",";"""gusanito"",";;;;;
"          ""gyoza"",";"""gyoza"",";;;;;
"          ""hab"",";"""hab"",";;;;;
"          ""hierba"",";"""hierba"",";;;;;
"          ""hojaldre"",";"""hojaldre"",";;;;;
"          ""horchata"",";"""horchata"",";;;;;
"          ""insecticida"",";"""insecticida"",";;;;;
"          ""jalapeno"",";"""jalapeno"",";;;;;
"          ""juguete"",";"""juguete"",";;;;;
"          ""lacon"",";"""lacon"",";;;;;
"          ""lata"",";"""lata"",";;;;;
"          ""lechuga"",";"""lechuga"",";;;;;
"          ""lengua"",";"""lengua"",";;;;;
"          ""limonada"",";"""limonada"",";;;;;
"          ""limonc"",";"""limonc"",";;;;;
"          ""limpia"",";"""limpia"",";;;;;
"          ""lino"",";"""lino"",";;;;;
"          ""longaniza"",";"""longaniza"",";;;;;
"          ""lubina"",";"""lubina"",";;;;;
"          ""magdalena"",";"""magdalena"",";;;;;
"          ""mantel"",";"""mantel"",";;;;;
"          ""manzanilla"",";"""manzanilla"",";;;;;
"          ""maquillaje"",";"""maquillaje"",";;;;;
"          ""maquinilla"",";"""maquinilla"",";;;;;
"          ""marcador"",";"""marcador"",";;;;;
"          ""mascara"",";"""mascara"",";;;;;
"          ""mascarilla"",";"""mascarilla"",";;;;;
"          ""mata"",";"""mata"",";;;;;
"          ""mechero"",";"""mechero"",";;;;;
"          ""melva"",";"""melva"",";;;;;
"          ""menestra"",";"""menestra"",";;;;;
"          ""merluza"",";"""merluza"",";;;;;
"          ""miga"",";"""miga"",";;;;;
"          ""mojito"",";"""mojito"",";;;;;
"          ""mora"",";"""mora"",";;;;;
"          ""mortadela"",";"""mortadela"",";;;;;
"          ""mozarella"",";"""mozarella"",";;;;;
"          ""multi"",";"""multi"",";;;;;
"          ""nabo"",";"""nabo"",";;;;;
"          ""nacho"",";"""nacho"",";;;;;
"          ""natilla"",";"""natilla"",";;;;;
"          ""navaja"",";"""navaja"",";;;;;
"          ""nb"",";"""nb"",";;;;;
"          ""neceser"",";"""neceser"",";;;;;
"          ""noodle"",";"""noodle"",";;;;;
"          ""nora"",";"""nora"",";;;;;
"          ""nuez"",";"""nuez"",";;;;;
"          ""palito"",";"""palito"",";;;;;
"          ""palmer"",";"""palmer"",";;;;;
"          ""panal"",";"""panal"",";;;;;
"          ""panceta"",";"""panceta"",";;;;;
"          ""panecillo"",";"""panecillo"",";;;;;
"          ""panela"",";"""panela"",";;;;;
"          ""pannacotta"",";"""pannacotta"",";;;;;
"          ""pannini"",";"""pannini"",";;;;;
"          ""panuelo"",";"""panuelo"",";;;;;
"          ""parche"",";"""parche"",";;;;;
"          ""pasa"",";"""pasa"",";;;;;
"          ""pastilla"",";"""pastilla"",";;;;;
"          ""pata"",";"""pata"",";;;;;
"          ""pate"",";"""pate"",";;;;;
"          ""peine"",";"""peine"",";;;;;
"          ""pepinillo"",";"""pepinillo"",";;;;;
"          ""pepino"",";"""pepino"",";;;;;
"          ""perfilador"",";"""perfilador"",";;;;;
"          ""perfume"",";"""perfume"",";;;;;
"          ""petit"",";"""petit"",";;;;;
"          ""picatoste"",";"""picatoste"",";;;;;
"          ""pinta"",";"""pinta"",";;;;;
"          ""pintura"",";"""pintura"",";;;;;
"          ""pistacho"",";"""pistacho"",";;;;;
"          ""placa"",";"""placa"",";;;;;
"          ""planchado"",";"""planchado"",";;;;;
"          ""plum"",";"""plum"",";;;;;
"          ""post-it"",";"""post-it"",";;;;;
"          ""pota"",";"""pota"",";;;;;
"          ""potito"",";"""potito"",";;;;;
"          ""poton"",";"""poton"",";;;;;
"          ""precinto"",";"""precinto"",";;;;;
"          ""preservativo"",";"""preservativo"",";;;;;
"          ""principe"",";"""principe"",";;;;;
"          ""probiotico"",";"""probiotico"",";;;;;
"          ""protege"",";"""protege"",";;;;;
"          ""puerro"",";"""puerro"",";;;;;
"          ""quinoa"",";"""quinoa"",";;;;;
"          ""quitaesmalte"",";"""quitaesmalte"",";;;;;
"          ""quitagrasa"",";"""quitagrasa"",";;;;;
"          ""quitamancha"",";"""quitamancha"",";;;;;
"          ""rape"",";"""rape"",";;;;;
"          ""rasqueta"",";"""rasqueta"",";;;;;
"          ""recambio"",";"""recambio"",";;;;;
"          ""Redbull"",";"""Redbull"",";;;;;
"          ""refresc"",";"""refresc"",";;;;;
"          ""regana"",";"""regana"",";;;;;
"          ""repelente"",";"""repelente"",";;;;;
"          ""requeson"",";"""requeson"",";;;;;
"          ""rodaballo"",";"""rodaballo"",";;;;;
"          ""rosquill"",";"""rosquill"",";;;;;
"          ""rotulador"",";"""rotulador"",";;;;;
"          ""sacapunta"",";"""sacapunta"",";;;;;
"          ""sacarina"",";"""sacarina"",";;;;;
"          ""salami"",";"""salami"",";;;;;
"          ""salchichon"",";"""salchichon"",";;;;;
"          ""salmorejo"",";"""salmorejo"",";;;;;
"          ""salteado"",";"""salteado"",";;;;;
"          ""sardin"",";"""sardin"",";;;;;
"          ""sazonador"",";"""sazonador"",";;;;;
"          ""seitan"",";"""seitan"",";;;;;
"          ""serum"",";"""serum"",";;;;;
"          ""seta"",";"""seta"",";;;;;
"          ""sirope"",";"""sirope"",";;;;;
"          ""smoothie"",";"""smoothie"",";;;;;
"          ""sobao"",";"""sobao"",";;;;;
"          ""sofrito"",";"""sofrito"",";;;;;
"          ""sombra"",";"""sombra"",";;;;;
"          ""spaghetti"",";"""spaghetti"",";;;;;
"          ""spray"",";"""spray"",";;;;;
"          ""stevia"",";"""stevia"",";;;;;
"          ""suavizante"",";"""suavizante"",";;;;;
"          ""surimi"",";"""surimi"",";;;;;
"          ""tabule"",";"""tabule"",";;;;;
"          ""tahini"",";"""tahini"",";;;;;
"          ""tampon"",";"""tampon"",";;;;;
"          ""taquito"",";"""taquito"",";;;;;
"          ""tinte"",";"""tinte"",";;;;;
"          ""tira"",";"""tira"",";;;;;
"          ""tiramisu"",";"""tiramisu"",";;;;;
"          ""tirita"",";"""tirita"",";;;;;
"          ""toallita"",";"""toallita"",";;;;;
"          ""tocino"",";"""tocino"",";;;;;
"          ""torrezn"",";"""torrezn"",";;;;;
"          ""torta"",";"""torta"",";;;;;
"          ""tortita"",";"""tortita"",";;;;;
"          ""tosta"",";"""tosta"",";;;;;
"          ""tostada"",";"""tostada"",";;;;;
"          ""vaselina"",";"""vaselina"",";;;;;
"          ""verdura"",";"""verdura"",";;;;;
"          ""vermouth"",";"""vermouth"",";;;;;
"          ""york"",";"""york"",";;;;;
"          ""zumo"",";"""zumo"",";;;;;
         ;;;;;;
